{
    "service-activation-01-api-v3": "1.0",
    "info": {
        "description": "CCS Service Suspend API",
        "version": "3.0",
        "title": "CCS Service Activation And Configuration New Interface API",
        "contact": {
            "name": "Prodapt TMF Team",
            "email": "sainath.golla@telus.com"
        }
    },
    "servers": [
        {
            "url": "https://service-activation-01-api-v3/ccs-tmf640v3-postwls-np-np/"
        }
    ],
    "x-apiname": "ccstmf640v3apidev",
    "x-tmfdomain": "service",
    "x-cmdbid": "21949",
    "x-tps": "100",
    "x-responsetime": 2000,
    "x-diagram-url": "https://docs.google.com/document/d/12zyJGk1WVFpBDqdTP6fsGNYyozb07gNA",
    "paths": {
        "/service/suspend": {
            "patch": {
                "summary": "Suspend a Service",
                "description": "Submits a request to suspend a service.",
                "operationId": "suspendService",
                "tags": [
                    "service"
                ],
                "parameters": [
                    {
                        "name": "External_id",
                        "in": "query",
                        "required": true,
                        "description": "External ID of the subscriber to be suspended",
                        "schema": {
                            "type": "string"
                        }
                    },
                    {
                        "name": "Phone_Number",
                        "in": "query",
                        "required": true,
                        "description": "Phone Number of the subscriber to be suspended",
                        "schema": {
                            "type": "string"
                        }
                    },
                    {
                        "name": "Transaction_Effective_date",
                        "in": "query",
                        "required": true,
                        "description": "Date on which you need to suspend a subscriber",
                        "schema": {
                            "type": "string"
                        }
                    }
                ],
                "requestBody": {
                    "required": true,
                    "content": {
                        "application/json": {
                            "schema": {
                                "type": "object",
                                "properties": {
                                    "category": {
                                        "type": "string",
                                        "example": "MobileService",
                                        "description": "The category of the service"
                                    },
                                    "description": {
                                        "type": "string",
                                        "example": "Service Suspend",
                                        "description": "Description of the Suspend subscriber"
                                    },
                                    "serviceType": {
                                        "type": "string",
                                        "example": "POS-WLS",
                                        "description": "Type of the service"
                                    },
                                    "serviceCharacteristic": {
                                        "type": "array",
                                        "items": {
                                            "type": "object",
                                            "properties": {
                                                "name": {
                                                    "type": "string",
                                                    "description": "Name of the characteristic",
                                                    "example": "transactionSequenceNumber"
                                                },
                                                "valueType": {
                                                    "type": "string",
                                                    "description": "Type of the value (e.g., string, date)",
                                                    "example": "string"
                                                },
                                                "value": {
                                                    "type": "string",
                                                    "description": "Value of the characteristic",
                                                    "example": "99999999"
                                                }
                                            }
                                        },
                                        "description": "List of service characteristics",
                                        "example": [
                                            {
                                                "name": "transactionEffectiveDate",
                                                "valueType": "string",
                                                "value": "2024-11-17T00:00:00.000-04:00"
                                            },
                                            {
                                                "name": "activityCd",
                                                "valueType": "string",
                                                "value": "SUS"
                                            },
                                            {
                                                "name": "billingAccountNumber",
                                                "valueType": "string",
                                                "value": "681459"
                                            },
                                            {
                                                "name": "externalId",
                                                "valueType": "string",
                                                "value": "36274567"
                                            },
                                            {
                                                "name": "subscriberStatusCd",
                                                "valueType": "string",
                                                "value": "S"
                                            },
                                            {
                                                "name": "subscriberStatusDate",
                                                "valueType": "date",
                                                "value": "2024-11-17T02:00:00.000-04:00"
                                            },
                                            {
                                                "name": "phoneNumber",
                                                "valueType": "string",
                                                "value": "4166845888"
                                            }
                                        ]
                                    },
                                    "state": {
                                        "type": "string",
                                        "example": "active",
                                        "description": "Current state of the service"
                                    },
                                    "@type": {
                                        "type": "string",
                                        "example": "Service",
                                        "description": "Type of the service object"
                                    }
                                },
                                "required": [
                                    "category",
                                    "description",
                                    "serviceType",
                                    "serviceCharacteristic",
                                    "state",
                                    "@type"
                                ]
                            }
                        }
                    }
                },
                "responses": {
                    "202": {
                        "description": "Accepted"
                    },
                    "400": {
                        "description": "Bad request,Policy Violation",
                        "content": {
                            "application/json": {
                                "schema": {
                                    "type": "object",
                                    "properties": {
                                        "status": {
                                            "type": "string",
                                            "example": "Invalid parameters / arguments"
                                        },
                                        "errors": {
                                            "type": "object",
                                            "properties": {
                                                "external_id": {
                                                    "type": "array",
                                                    "items": {
                                                        "type": "string",
                                                        "example": "Invalid external_id format"
                                                    }
                                                }
                                            }
                                        }
                                    }
                                },
                                "examples": {
                                    "application/json": {
                                        "value": {
                                            "status": "Invalid parameters / arguments",
                                            "errors": {
                                                "external_id": [
                                                    "Invalid external_id format"
                                                ]
                                            }
                                        }
                                    }
                                }
                            }
                        }
                    },
                    "404": {
                        "description": "Resource Not found",
                        "content": {
                            "application/json": {
                                "schema": {
                                    "type": "object",
                                    "properties": {
                                        "status": {
                                            "type": "string",
                                            "example": "Invalid  ban / external_id provided"
                                        }
                                    }
                                },
                                "examples": {
                                    "application/json": {
                                        "value": {
                                            "status": "Invalid ban / external_id provided"
                                        }
                                    }
                                }
                            }
                        }
                    },
                    "500": {
                        "description": "Internal server error",
                        "content": {
                            "application/json": {
                                "schema": {
                                    "type": "object",
                                    "properties": {
                                        "status": {
                                            "type": "string",
                                            "example": "Internal server error"
                                        }
                                    }
                                },
                                "examples": {
                                    "application/json": {
                                        "value": {
                                            "status": "Internal server error"
                                        }
                                    }
                                }
                            }
                        }
                    },
                    "501": {
                        "description": "Service not available",
                        "content": {
                            "application/json": {
                                "schema": {
                                    "type": "object",
                                    "properties": {
                                        "status": {
                                            "type": "string",
                                            "example": "Service not available"
                                        }
                                    }
                                },
                                "examples": {
                                    "application/json": {
                                        "value": {
                                            "status": "Service not available"
                                        }
                                    }
                                }
                            }
                        }
                    }
                }
            }
        }
    }
}
