{
  "$": "MtxResponseMulti",
  "ResponseList": [
    {
      "$": "MtxResponsePricingCatalogItem",
      "CatalogItemInfo": {
        "$": "MtxPricingCatalogItemDetailInfo",
        "CatalogItemId": 134,
        "Correction": 5,
        "DeferredSettlementPurchaseAllowed": true,
        "Description": "",
        "EffectiveTime": "2000-01-01T00:00:00.000000Z",
        "ExternalId": "TPRE_Data_Immediat_UnBlock",
        "HasPurchasedItemCycle": false,
        "IsOneTime": true,
        "Name": "TPRE_Data_Immediat_UnBlock",
        "OfferLifecycleProfileId": 1,
        "OfferLifecycleProfileName": "MTX",
        "PendingActivationPurchaseAllowed": false,
        "PurchasePreActiveAllowed": false,
        "PurgeProfileId": 1,
        "Rev": 0,
        "TemplateAttr": {
          "$": "TelusTemplate",
          "OfferType": "Unknown"
        },
        "TemplateCorrection": 10,
        "TemplateDescription": "",
        "TemplateEffectiveTime": "2000-01-01T00:00:00.000000Z",
        "TemplateExternalId": "TPRE_Data_Immediat_UnBlock",
        "TemplateId": 213,
        "TemplateName": "TPRE_Data_Immediat_UnBlock",
        "TemplateRev": 0,
        "TemplateType": "offer",
        "TemplateVersion": 0,
        "TemplateVersionDescription": "",
        "TemplateVersionName": "TPRE_Data_Immediat_UnBlock"
      },
      "Result": 0,
      "ResultText": "OK"
    }
  ],
  "Result": 0,
  "ResultText": "OK",
  "RouteId": 1,
  "_resultCode": 0,
  "_resultText": "OK",
  "_resultType": "update"
}