{
  "$": "MtxResponseGroup",
  "AdminCount": 0,
  "AdminCursor": 0,
  "CurrentStatusTransitionTime": "2024-10-07T09:30:23.000000Z",
  "DeviceCount": 1,
  "ExternalId": "TMF_11115",
  "GroupMemberCount": 0,
  "GroupMemberCursor": 0,
  "LastActivityTime": "2024-10-07T09:30:23.000000Z",
  "MaxSubscriberCount": 4294967295,
  "MaxUserCount": 4294967295,
  "NotificationPreference": 1,
  "ObjectId": "0-1-5-624",
  "RelatedUserCursor": 0,
  "Result": 0,
  "ResultText": "OK",
  "RouteId": 1,
  "Status": 1,
  "StatusDescription": "Active",
  "SubscriberCount": 1,
  "SubscriberMemberCount": 1,
  "SubscriberMemberCursor": 0,
  "SubscriberMemberIdArray": [
    "0-1-5-627"
  ],
  "TenantId": "Telus",
  "UserCount": 0,
  "_resultCode": 0,
  "_resultText": "OK",
  "_resultType": "get"
}