{
  "$": "MtxRequestMulti",
  "ApiEventData": {
    "$": "TelusApiEventDataExtension",
    "TransactionSequenceNumber": "123456",
    "TransactionEffectiveDate": "2024-09-12T11:47:47.732Z",
    "ActivityCd": "SUS",
    "InitiatingApplicationCd": "FIFA PORTAL"
  },
  "RequestList": [
    {
      "$": "MtxRequestSubscriptionModify",
      "Status": "3",
      "SubscriptionSearchData": {
        "$": "MtxSubscriptionSearchData",
        "ExternalId": "TMF_11116"
      },
      "RelatedMsgId": "Suspending the account - Immediate Block"
    }
  ]
}